graph_id,method,native_budget,queries,root_count,ground_truth_minset_count,ground_truth_substitution_count,minimal_set_F1,status
6nodes_3,MEES_Structure_v1.1,20,20,1,2,1,1.0,ok
6nodes_3,RandomSampling,20,20,1,2,1,0.0,ok
6nodes_3,SingleAblation,20,6,1,2,1,0.0,ok
6nodes_8,MEES_Structure_v1.1,20,19,1,1,0,1.0,ok
6nodes_8,RandomSampling,20,20,1,1,0,1.0,ok
6nodes_8,SingleAblation,20,6,1,1,0,1.0,ok
6nodes_13,MEES_Structure_v1.1,20,19,1,1,0,1.0,ok
6nodes_13,RandomSampling,20,20,1,1,0,0.0,ok
6nodes_13,SingleAblation,20,6,1,1,0,1.0,ok
6nodes_18,MEES_Structure_v1.1,20,18,1,3,3,1.0,ok
6nodes_18,RandomSampling,20,20,1,3,3,0.6666666666666666,ok
6nodes_18,SingleAblation,20,6,1,3,3,0.0,ok
6nodes_23,MEES_Structure_v1.1,20,20,1,1,0,1.0,ok
6nodes_23,RandomSampling,20,20,1,1,0,0.0,ok
6nodes_23,SingleAblation,20,6,1,1,0,1.0,ok
6nodes_28,MEES_Structure_v1.1,20,18,1,2,1,1.0,ok
6nodes_28,RandomSampling,20,20,1,2,1,0.5,ok
6nodes_28,SingleAblation,20,6,1,2,1,0.0,ok
6nodes_33,MEES_Structure_v1.1,20,20,1,2,1,1.0,ok
6nodes_33,RandomSampling,20,20,1,2,1,1.0,ok
6nodes_33,SingleAblation,20,6,1,2,1,0.0,ok
6nodes_38,MEES_Structure_v1.1,20,18,1,2,1,1.0,ok
6nodes_38,RandomSampling,20,20,1,2,1,1.0,ok
6nodes_38,SingleAblation,20,6,1,2,1,0.0,ok
6nodes_43,MEES_Structure_v1.1,20,19,1,1,0,1.0,ok
6nodes_43,RandomSampling,20,20,1,1,0,1.0,ok
6nodes_43,SingleAblation,20,6,1,1,0,1.0,ok
6nodes_48,MEES_Structure_v1.1,20,20,3,3,1,0.8,ok
6nodes_48,RandomSampling,20,20,3,3,1,0.28571428571428575,ok
6nodes_48,SingleAblation,20,6,3,3,1,0.0,ok
